-- phpMyAdmin SQL Dump
-- version 3.3.9
-- http://www.phpmyadmin.net
--
-- Host: localhost
-- Generation Time: Apr 16, 2021 at 12:16 PM
-- Server version: 5.5.8
-- PHP Version: 5.3.5

SET SQL_MODE="NO_AUTO_VALUE_ON_ZERO";


/*!40101 SET @OLD_CHARACTER_SET_CLIENT=@@CHARACTER_SET_CLIENT */;
/*!40101 SET @OLD_CHARACTER_SET_RESULTS=@@CHARACTER_SET_RESULTS */;
/*!40101 SET @OLD_COLLATION_CONNECTION=@@COLLATION_CONNECTION */;
/*!40101 SET NAMES utf8 */;

--
-- Database: `secure_cloud1`
--

-- --------------------------------------------------------

--
-- Table structure for table `admin`
--

CREATE TABLE IF NOT EXISTS `admin` (
  `ID` int(111) NOT NULL AUTO_INCREMENT,
  `username` varchar(999) NOT NULL,
  `password` varchar(999) NOT NULL,
  PRIMARY KEY (`ID`)
) ENGINE=InnoDB  DEFAULT CHARSET=latin1 AUTO_INCREMENT=2 ;

--
-- Dumping data for table `admin`
--

INSERT INTO `admin` (`ID`, `username`, `password`) VALUES
(1, 'admin', 'admin2020');

-- --------------------------------------------------------

--
-- Table structure for table `file_data`
--

CREATE TABLE IF NOT EXISTS `file_data` (
  `ID` int(111) NOT NULL AUTO_INCREMENT,
  `folder_content_id` varchar(999) NOT NULL,
  `folder_id` varchar(999) NOT NULL,
  `user_id` varchar(999) NOT NULL,
  `file_details` varchar(999) NOT NULL,
  `sizes` varchar(999) NOT NULL,
  PRIMARY KEY (`ID`)
) ENGINE=InnoDB  DEFAULT CHARSET=latin1 AUTO_INCREMENT=22 ;

--
-- Dumping data for table `file_data`
--

INSERT INTO `file_data` (`ID`, `folder_content_id`, `folder_id`, `user_id`, `file_details`, `sizes`) VALUES
(14, '54', '7', '32', 'March 02 2021 12:55:28.', '4'),
(15, '55', '7', '32', 'March 02 2021 13:00:34.', '50'),
(16, '56', '7', '32', 'March 02 2021 13:06:18.', '50'),
(17, '57', '7', '32', 'March 02 2021 13:09:34.', '4'),
(18, '58', '7', '32', 'March 02 2021 13:11:20.', '3'),
(19, '60', '9', '28', 'April 09 2021 07:20:03.', '2'),
(20, '61', '9', '28', 'April 09 2021 07:25:09.', '2'),
(21, '62', '10', '29', 'April 09 2021 12:04:08.', '2');

-- --------------------------------------------------------

--
-- Table structure for table `file_req`
--

CREATE TABLE IF NOT EXISTS `file_req` (
  `id` int(111) NOT NULL AUTO_INCREMENT,
  `sender_id` varchar(999) NOT NULL,
  `sender_name` varchar(111) NOT NULL,
  `receiver_id` varchar(999) NOT NULL,
  `message` varchar(999) NOT NULL,
  `file_id` varchar(999) NOT NULL,
  `dt` timestamp NOT NULL DEFAULT CURRENT_TIMESTAMP ON UPDATE CURRENT_TIMESTAMP,
  PRIMARY KEY (`id`)
) ENGINE=InnoDB DEFAULT CHARSET=latin1 AUTO_INCREMENT=1 ;

--
-- Dumping data for table `file_req`
--


-- --------------------------------------------------------

--
-- Table structure for table `file_sharing`
--

CREATE TABLE IF NOT EXISTS `file_sharing` (
  `id` int(111) NOT NULL AUTO_INCREMENT,
  `sender_id` varchar(999) NOT NULL,
  `receiver_id` varchar(999) NOT NULL,
  `sender_key` varchar(999) NOT NULL,
  `receiver_key` varchar(999) NOT NULL,
  `file_id` varchar(999) NOT NULL,
  `dt` timestamp NOT NULL DEFAULT CURRENT_TIMESTAMP ON UPDATE CURRENT_TIMESTAMP,
  PRIMARY KEY (`id`)
) ENGINE=InnoDB  DEFAULT CHARSET=latin1 AUTO_INCREMENT=5 ;

--
-- Dumping data for table `file_sharing`
--

INSERT INTO `file_sharing` (`id`, `sender_id`, `receiver_id`, `sender_key`, `receiver_key`, `file_id`, `dt`) VALUES
(1, '28', '32', 'NkMBZanU', 'KIzfxXVQ', '61', '2021-04-09 10:56:00'),
(2, '32', '28', 'FDfqwkIz', 'VbUQsjti', '58', '2021-04-09 10:58:29'),
(3, '32', '28', 'FDfqwkIz', 'VbUQsjti', '59', '2021-04-16 09:46:11'),
(4, '32', '28', 'FDfqwkIz', 'VbUQsjti', '63', '2021-04-16 09:58:27');

-- --------------------------------------------------------

--
-- Table structure for table `folder`
--

CREATE TABLE IF NOT EXISTS `folder` (
  `ID` int(111) NOT NULL AUTO_INCREMENT,
  `user_id` varchar(111) NOT NULL,
  `folder` varchar(230) NOT NULL,
  PRIMARY KEY (`ID`)
) ENGINE=InnoDB  DEFAULT CHARSET=latin1 AUTO_INCREMENT=12 ;

--
-- Dumping data for table `folder`
--

INSERT INTO `folder` (`ID`, `user_id`, `folder`) VALUES
(7, '32', '435cc'),
(8, '32', 'music1'),
(9, '28', 'music1'),
(10, '29', 'document12'),
(11, '32', 'docs1');

-- --------------------------------------------------------

--
-- Table structure for table `folder_content`
--

CREATE TABLE IF NOT EXISTS `folder_content` (
  `ID` int(111) NOT NULL AUTO_INCREMENT,
  `Folder_ID` int(111) NOT NULL,
  `content` varchar(1111) NOT NULL,
  `public_keys` varchar(111) NOT NULL,
  `userid` int(111) NOT NULL,
  `urls` text NOT NULL,
  PRIMARY KEY (`ID`)
) ENGINE=InnoDB  DEFAULT CHARSET=latin1 AUTO_INCREMENT=64 ;

--
-- Dumping data for table `folder_content`
--

INSERT INTO `folder_content` (`ID`, `Folder_ID`, `content`, `public_keys`, `userid`, `urls`) VALUES
(54, 7, '03022021125528-sss - Copy.txt', 'FDfqwkIz', 32, ''),
(55, 7, '03022021130034-kkk.txt', 'FDfqwkIz', 32, ''),
(56, 7, '03022021130618-kkk - Copy.txt', 'FDfqwkIz', 32, ''),
(57, 7, '03022021130934-sss.txt', 'FDfqwkIz', 32, ''),
(58, 7, '03022021131120-New Text Document.txt', 'FDfqwkIz', 32, ''),
(59, 8, '03112021091328-123.txt', 'FDfqwkIz', 0, ''),
(60, 9, '04092021072003-demoo.txt', 'NkMBZanU', 28, ''),
(61, 9, '04092021072509-demoo.txt', 'NkMBZanU', 28, ''),
(62, 10, '04092021120408-demoo.txt', 'AjYKRYtj', 29, ''),
(63, 11, '04162021062740-tptp.txt', 'FDfqwkIz', 0, '');

-- --------------------------------------------------------

--
-- Table structure for table `key_generation_session`
--

CREATE TABLE IF NOT EXISTS `key_generation_session` (
  `id` int(111) NOT NULL AUTO_INCREMENT,
  `session_id` varchar(999) NOT NULL,
  `public_key` varchar(999) NOT NULL,
  `private_key` varchar(999) NOT NULL,
  PRIMARY KEY (`id`)
) ENGINE=InnoDB  DEFAULT CHARSET=latin1 AUTO_INCREMENT=50 ;

--
-- Dumping data for table `key_generation_session`
--

INSERT INTO `key_generation_session` (`id`, `session_id`, `public_key`, `private_key`) VALUES
(2, '1418', '9671', '5872'),
(3, '1199', '9795', '4824'),
(4, '2924', '9975', '6856'),
(5, '2863', '9236', '5630'),
(6, '1992', '9396', '6094'),
(7, '3043', '9866', '5784'),
(8, '1331', '9982', '5552'),
(9, '2326', '9711', '6016'),
(10, '3213', '9051', '5925'),
(11, '1171', '9398', '6386'),
(12, '1751', '9263', '6122'),
(13, '2008', '9868', '5620'),
(14, '2402', '9845', '6980'),
(15, '2347', '9086', '6983'),
(16, '1576', '9973', '6678'),
(17, '2013', '8895', '5134'),
(18, '3213', '9669', '4962'),
(19, '2511', '8945', '5144'),
(20, '2763', '9092', '5224'),
(21, '2412', '9295', '5701'),
(22, '2014', '8965', '5558'),
(23, '1318', '9068', '4714'),
(24, '2483', '9624', '6495'),
(25, '2290', '9776', '7662'),
(26, '1528', '9070', '6502'),
(27, '2249', '9507', '4629'),
(28, '1914', '9739', '6654'),
(29, '2401', '9351', '6017'),
(30, '2771', '9178', '7088'),
(31, '1743', '9106', '7169'),
(32, '2236', '9705', '7125'),
(33, '1695', '9634', '6897'),
(34, '1894', '9587', '5032'),
(35, '3034', '9375', '7486'),
(36, '2987', '9425', '5691'),
(37, '1341', '9661', '6316'),
(38, '3280', '9347', '4506'),
(39, '1981', '9770', '6315'),
(40, '2972', '8953', '6165'),
(41, '2780', '9969', '4517'),
(42, '2677', '9738', '7582'),
(43, '2217', '9994', '5482'),
(44, '1848', '9319', '6666'),
(45, '1771', '9539', '5818'),
(46, '1598', '9807', '5062'),
(47, '3053', '8927', '7510'),
(48, '1936', '9149', '4498'),
(49, '3283', '9664', '6412');

-- --------------------------------------------------------

--
-- Table structure for table `receivers_server`
--

CREATE TABLE IF NOT EXISTS `receivers_server` (
  `id` int(111) NOT NULL AUTO_INCREMENT,
  `file_sharing_id` varchar(999) NOT NULL,
  `receiver_id` varchar(999) NOT NULL,
  `chiper_text_proxy_server_code` varchar(999) NOT NULL,
  `reencryption_usingreceiver_public_key` varchar(999) NOT NULL,
  `receivers_private_key` varchar(999) NOT NULL,
  `file_id` varchar(999) NOT NULL,
  `msg` text NOT NULL,
  `status` int(111) NOT NULL,
  `dtt` timestamp NOT NULL DEFAULT CURRENT_TIMESTAMP ON UPDATE CURRENT_TIMESTAMP,
  PRIMARY KEY (`id`)
) ENGINE=InnoDB  DEFAULT CHARSET=latin1 AUTO_INCREMENT=16 ;

--
-- Dumping data for table `receivers_server`
--

INSERT INTO `receivers_server` (`id`, `file_sharing_id`, `receiver_id`, `chiper_text_proxy_server_code`, `reencryption_usingreceiver_public_key`, `receivers_private_key`, `file_id`, `msg`, `status`, `dtt`) VALUES
(12, '1', '32', 'KIzfxXVQ_NkMBZanU', 'RkRmcXdrSXo=', 'KIzfxXVQ', '61', 'hii', 1, '2021-04-09 11:03:28'),
(13, '2', '28', 'VbUQsjti_FDfqwkIz', 'TmtNQlphblU=', 'VbUQsjti', '58', 'hii', 0, '2021-04-09 10:58:29'),
(14, '3', '28', 'VbUQsjti_FDfqwkIz', 'TmtNQlphblU=', 'VbUQsjti', '59', 'hii', 0, '2021-04-16 09:46:11'),
(15, '4', '28', 'VbUQsjti_FDfqwkIz', 'TmtNQlphblU=', 'VbUQsjti', '63', 'hii', 0, '2021-04-16 09:58:27');

-- --------------------------------------------------------

--
-- Table structure for table `register_user`
--

CREATE TABLE IF NOT EXISTS `register_user` (
  `ID` int(111) NOT NULL AUTO_INCREMENT,
  `Staff_Name` varchar(111) NOT NULL,
  `Staff_Surname` varchar(111) NOT NULL,
  `staff_joining` varchar(111) NOT NULL,
  `Staff_Email` varchar(111) NOT NULL,
  `Staff_Password` varchar(111) NOT NULL,
  `user_private_key` varchar(30) NOT NULL,
  `user_public_key` varchar(30) NOT NULL,
  PRIMARY KEY (`ID`),
  UNIQUE KEY `Staff_Email` (`Staff_Email`)
) ENGINE=InnoDB  DEFAULT CHARSET=latin1 AUTO_INCREMENT=33 ;

--
-- Dumping data for table `register_user`
--

INSERT INTO `register_user` (`ID`, `Staff_Name`, `Staff_Surname`, `staff_joining`, `Staff_Email`, `Staff_Password`, `user_private_key`, `user_public_key`) VALUES
(28, 'Neha Vijay Lokhande', 'Lokhande', '2019-01-29', 'surajdhole11@hotmail.com', 'asdasd', 'VbUQsjti', 'NkMBZanU'),
(29, 'Kushal Dhole', 'Dhole', '2019-02-10', 'surajdhole111@hotmail.com', 'asdasd', 'abhLMJAD', 'AjYKRYtj'),
(30, 'Apurva', 'Khandar', '1997-03-02', 'apurva@gmail.com', 'apurva123', 'FmFBADkl', 'pWjveQkR'),
(31, 'Kushal Dhole', 'Dhole', '', 'surajdsshole11@hotmail.com', 'asdasd', 'fduRTcYx', 'RTmRfVLN'),
(32, 'Kushal Dhole', 'asd', '', 'admin@sdsdf.gh', 'admin2020', 'KIzfxXVQ', 'FDfqwkIz');

-- --------------------------------------------------------

--
-- Table structure for table `tpa_scan`
--

CREATE TABLE IF NOT EXISTS `tpa_scan` (
  `ID` int(111) NOT NULL AUTO_INCREMENT,
  `scan_id` varchar(111) NOT NULL,
  `folder_content_id` varchar(999) NOT NULL,
  `folder_id` varchar(999) NOT NULL,
  `user_id` varchar(999) NOT NULL,
  `file_details` varchar(999) NOT NULL,
  `sizes` varchar(999) NOT NULL,
  PRIMARY KEY (`ID`)
) ENGINE=InnoDB  DEFAULT CHARSET=latin1 AUTO_INCREMENT=878 ;

--
-- Dumping data for table `tpa_scan`
--

INSERT INTO `tpa_scan` (`ID`, `scan_id`, `folder_content_id`, `folder_id`, `user_id`, `file_details`, `sizes`) VALUES
(217, '1887749', '54', '7', '32', 'March 02 2021 12:55:28.', '4'),
(218, '1704915', '54', '7', '32', 'March 02 2021 12:55:28.', '4'),
(219, '6267903', '54', '7', '32', 'March 02 2021 12:55:28.', '4'),
(220, '8494737', '54', '7', '32', 'March 02 2021 12:55:28.', '4'),
(221, '5525173', '54', '7', '32', 'March 02 2021 12:55:28.', '4'),
(222, '3370496', '54', '7', '32', 'March 02 2021 12:55:28.', '4'),
(223, '5919053', '54', '7', '32', 'March 02 2021 12:55:28.', '4'),
(224, '9081217', '54', '7', '32', 'March 02 2021 12:59:13.', '1125'),
(225, '2507052', '54', '7', '32', 'March 02 2021 12:59:13.', '1125'),
(226, '4117567', '54', '7', '32', 'March 02 2021 12:59:13.', '1125'),
(227, '6149631', '54', '7', '32', 'March 02 2021 12:59:13.', '1125'),
(228, '2960340', '54', '7', '32', 'March 02 2021 12:59:13.', '1125'),
(229, '7269693', '54', '7', '32', 'March 02 2021 12:59:13.', '1125'),
(230, '9524739', '54', '7', '32', 'March 02 2021 12:59:13.', '1125'),
(231, '9323187', '54', '7', '32', 'March 02 2021 12:59:13.', '1125'),
(232, '7215169', '54', '7', '32', 'March 02 2021 12:59:13.', '1125'),
(233, '5884331', '54', '7', '32', 'March 02 2021 12:59:13.', '1125'),
(234, '5884331', '55', '7', '32', 'March 02 2021 13:00:34.', '50'),
(235, '4524468', '54', '7', '32', 'March 02 2021 12:59:13.', '1125'),
(236, '4524468', '55', '7', '32', 'March 02 2021 13:00:34.', '50'),
(237, '9988064', '54', '7', '32', 'March 02 2021 12:59:13.', '1125'),
(238, '9988064', '55', '7', '32', 'March 02 2021 13:00:34.', '50'),
(239, '4825575', '54', '7', '32', 'March 02 2021 12:59:13.', '1125'),
(240, '4825575', '55', '7', '32', 'March 02 2021 13:00:34.', '50'),
(241, '5296495', '54', '7', '32', 'March 02 2021 12:59:13.', '1125'),
(242, '5296495', '55', '7', '32', 'March 02 2021 13:00:34.', '50'),
(243, '7750108', '54', '7', '32', 'March 02 2021 12:59:13.', '1125'),
(244, '7750108', '55', '7', '32', 'March 02 2021 13:00:34.', '50'),
(245, '6721733', '54', '7', '32', 'March 02 2021 12:59:13.', '1125'),
(246, '6721733', '55', '7', '32', 'March 02 2021 13:00:34.', '50'),
(247, '8934461', '54', '7', '32', 'March 02 2021 12:59:13.', '1125'),
(248, '8934461', '55', '7', '32', 'March 02 2021 13:00:34.', '50'),
(249, '1975368', '54', '7', '32', 'March 02 2021 12:59:13.', '1125'),
(250, '1975368', '55', '7', '32', 'March 02 2021 13:00:34.', '50'),
(251, '5052897', '54', '7', '32', 'March 02 2021 12:59:13.', '1125'),
(252, '5052897', '55', '7', '32', 'March 02 2021 13:00:34.', '50'),
(253, '5920138', '54', '7', '32', 'March 02 2021 12:59:13.', '1125'),
(254, '5920138', '55', '7', '32', 'March 02 2021 13:00:34.', '50'),
(255, '4199489', '54', '7', '32', 'March 02 2021 12:59:13.', '1125'),
(256, '4199489', '55', '7', '32', 'March 02 2021 13:00:34.', '50'),
(257, '2553710', '54', '7', '32', 'March 02 2021 12:59:13.', '1125'),
(258, '2553710', '55', '7', '32', 'March 02 2021 13:02:50.', '2200'),
(259, '7536621', '54', '7', '32', 'March 02 2021 12:59:13.', '1125'),
(260, '7536621', '55', '7', '32', 'March 02 2021 13:02:50.', '2200'),
(261, '4979383', '54', '7', '32', 'March 02 2021 12:59:13.', '1125'),
(262, '4979383', '55', '7', '32', 'March 02 2021 13:02:50.', '2200'),
(263, '5546061', '54', '7', '32', 'March 02 2021 12:59:13.', '1125'),
(264, '5546061', '55', '7', '32', 'March 02 2021 13:02:50.', '2200'),
(265, '9843207', '54', '7', '32', 'March 02 2021 12:59:13.', '1125'),
(266, '9843207', '55', '7', '32', 'March 02 2021 13:02:50.', '2200'),
(267, '3202853', '54', '7', '32', 'March 02 2021 12:59:13.', '1125'),
(268, '3202853', '55', '7', '32', 'March 02 2021 13:02:50.', '2200'),
(269, '9265407', '54', '7', '32', 'March 02 2021 12:59:13.', '1125'),
(270, '9265407', '55', '7', '32', 'March 02 2021 13:02:50.', '2200'),
(271, '4952799', '54', '7', '32', 'March 02 2021 12:59:13.', '1125'),
(272, '4952799', '55', '7', '32', 'March 02 2021 13:02:50.', '2200'),
(273, '5148383', '54', '7', '32', 'March 02 2021 12:59:13.', '1125'),
(274, '5148383', '55', '7', '32', 'March 02 2021 13:02:50.', '2200'),
(275, '2722710', '54', '7', '32', 'March 02 2021 12:59:13.', '1125'),
(276, '2722710', '55', '7', '32', 'March 02 2021 13:02:50.', '2200'),
(277, '4985351', '54', '7', '32', 'March 02 2021 12:59:13.', '1125'),
(278, '4985351', '55', '7', '32', 'March 02 2021 13:02:50.', '2200'),
(279, '2994791', '54', '7', '32', 'March 02 2021 12:59:13.', '1125'),
(280, '2994791', '55', '7', '32', 'March 02 2021 13:02:50.', '2200'),
(281, '9781087', '54', '7', '32', 'March 02 2021 12:59:13.', '1125'),
(282, '9781087', '55', '7', '32', 'March 02 2021 13:02:50.', '2200'),
(283, '9348415', '54', '7', '32', 'March 02 2021 12:59:13.', '1125'),
(284, '9348415', '55', '7', '32', 'March 02 2021 13:02:50.', '2200'),
(285, '7048339', '54', '7', '32', 'March 02 2021 12:59:13.', '1125'),
(286, '7048339', '55', '7', '32', 'March 02 2021 13:02:50.', '2200'),
(287, '7048339', '56', '7', '32', 'March 02 2021 13:06:18.', '50'),
(288, '6201171', '54', '7', '32', 'March 02 2021 12:59:13.', '1125'),
(289, '6201171', '55', '7', '32', 'March 02 2021 13:02:50.', '2200'),
(290, '6201171', '56', '7', '32', 'March 02 2021 13:06:18.', '50'),
(291, '2054307', '54', '7', '32', 'March 02 2021 12:59:13.', '1125'),
(292, '2054307', '55', '7', '32', 'March 02 2021 13:02:50.', '2200'),
(293, '2054307', '56', '7', '32', 'March 02 2021 13:06:18.', '50'),
(294, '7685004', '54', '7', '32', 'March 02 2021 12:59:13.', '1125'),
(295, '7685004', '55', '7', '32', 'March 02 2021 13:02:50.', '2200'),
(296, '7685004', '56', '7', '32', 'March 02 2021 13:06:18.', '50'),
(297, '7205132', '54', '7', '32', 'March 02 2021 12:59:13.', '1125'),
(298, '7205132', '55', '7', '32', 'March 02 2021 13:02:50.', '2200'),
(299, '7205132', '56', '7', '32', 'March 02 2021 13:06:18.', '50'),
(300, '7458224', '54', '7', '32', 'March 02 2021 12:59:13.', '1125'),
(301, '7458224', '55', '7', '32', 'March 02 2021 13:02:50.', '2200'),
(302, '7458224', '56', '7', '32', 'March 02 2021 13:06:18.', '50'),
(303, '4350857', '54', '7', '32', 'March 02 2021 12:59:13.', '1125'),
(304, '4350857', '55', '7', '32', 'March 02 2021 13:02:50.', '2200'),
(305, '4350857', '56', '7', '32', 'March 02 2021 13:06:18.', '50'),
(306, '8842230', '54', '7', '32', 'March 02 2021 12:59:13.', '1125'),
(307, '8842230', '55', '7', '32', 'March 02 2021 13:02:50.', '2200'),
(308, '8842230', '56', '7', '32', 'March 02 2021 13:06:18.', '50'),
(309, '4374186', '54', '7', '32', 'March 02 2021 12:59:13.', '1125'),
(310, '4374186', '55', '7', '32', 'March 02 2021 13:02:50.', '2200'),
(311, '4374186', '56', '7', '32', 'March 02 2021 13:06:18.', '50'),
(312, '6107313', '54', '7', '32', 'March 02 2021 12:59:13.', '1125'),
(313, '6107313', '55', '7', '32', 'March 02 2021 13:02:50.', '2200'),
(314, '6107313', '56', '7', '32', 'March 02 2021 13:06:18.', '50'),
(315, '2101508', '54', '7', '32', 'March 02 2021 12:59:13.', '1125'),
(316, '2101508', '55', '7', '32', 'March 02 2021 13:02:50.', '2200'),
(317, '2101508', '56', '7', '32', 'March 02 2021 13:06:18.', '50'),
(318, '4218749', '54', '7', '32', 'March 02 2021 12:59:13.', '1125'),
(319, '4218749', '55', '7', '32', 'March 02 2021 13:02:50.', '2200'),
(320, '4218749', '56', '7', '32', 'March 02 2021 13:06:18.', '50'),
(321, '5414767', '54', '7', '32', 'March 02 2021 12:59:13.', '1125'),
(322, '5414767', '55', '7', '32', 'March 02 2021 13:02:50.', '2200'),
(323, '5414767', '56', '7', '32', 'March 02 2021 13:06:18.', '50'),
(324, '8975151', '54', '7', '32', 'March 02 2021 12:59:13.', '1125'),
(325, '8975151', '55', '7', '32', 'March 02 2021 13:02:50.', '2200'),
(326, '8975151', '56', '7', '32', 'March 02 2021 13:06:18.', '50'),
(327, '6362575', '54', '7', '32', 'March 02 2021 12:59:13.', '1125'),
(328, '6362575', '55', '7', '32', 'March 02 2021 13:02:50.', '2200'),
(329, '6362575', '56', '7', '32', 'March 02 2021 13:06:18.', '50'),
(330, '7008463', '54', '7', '32', 'March 02 2021 12:59:13.', '1125'),
(331, '7008463', '55', '7', '32', 'March 02 2021 13:02:50.', '2200'),
(332, '7008463', '56', '7', '32', 'March 02 2021 13:06:18.', '50'),
(333, '5604654', '54', '7', '32', 'March 02 2021 12:59:13.', '1125'),
(334, '5604654', '55', '7', '32', 'March 02 2021 13:02:50.', '2200'),
(335, '5604654', '56', '7', '32', 'March 02 2021 13:06:18.', '50'),
(336, '8006184', '54', '7', '32', 'March 02 2021 12:59:13.', '1125'),
(337, '8006184', '55', '7', '32', 'March 02 2021 13:02:50.', '2200'),
(338, '8006184', '56', '7', '32', 'March 02 2021 13:06:18.', '50'),
(339, '1300726', '54', '7', '32', 'March 02 2021 12:59:13.', '1125'),
(340, '1300726', '55', '7', '32', 'March 02 2021 13:02:50.', '2200'),
(341, '1300726', '56', '7', '32', 'March 02 2021 13:06:18.', '50'),
(342, '6933593', '54', '7', '32', 'March 02 2021 12:59:13.', '1125'),
(343, '6933593', '55', '7', '32', 'March 02 2021 13:02:50.', '2200'),
(344, '6933593', '56', '7', '32', 'March 02 2021 13:06:18.', '50'),
(345, '4666069', '54', '7', '32', 'March 02 2021 12:59:13.', '1125'),
(346, '4666069', '55', '7', '32', 'March 02 2021 13:02:50.', '2200'),
(347, '4666069', '56', '7', '32', 'March 02 2021 13:06:18.', '50'),
(348, '8478190', '54', '7', '32', 'March 02 2021 12:59:13.', '1125'),
(349, '8478190', '55', '7', '32', 'March 02 2021 13:02:50.', '2200'),
(350, '8478190', '56', '7', '32', 'March 02 2021 13:06:18.', '50'),
(351, '2193739', '54', '7', '32', 'March 02 2021 12:59:13.', '1125'),
(352, '2193739', '55', '7', '32', 'March 02 2021 13:02:50.', '2200'),
(353, '2193739', '56', '7', '32', 'March 02 2021 13:06:18.', '50'),
(354, '7049696', '54', '7', '32', 'March 02 2021 12:59:13.', '1125'),
(355, '7049696', '55', '7', '32', 'March 02 2021 13:02:50.', '2200'),
(356, '7049696', '56', '7', '32', 'March 02 2021 13:06:18.', '50'),
(357, '6765679', '54', '7', '32', 'March 02 2021 12:59:13.', '1125'),
(358, '6765679', '55', '7', '32', 'March 02 2021 13:02:50.', '2200'),
(359, '6765679', '56', '7', '32', 'March 02 2021 13:06:18.', '50'),
(360, '2335611', '54', '7', '32', 'March 02 2021 12:59:13.', '1125'),
(361, '2335611', '55', '7', '32', 'March 02 2021 13:02:50.', '2200'),
(362, '2335611', '56', '7', '32', 'March 02 2021 13:06:18.', '50'),
(363, '2097167', '54', '7', '32', 'March 02 2021 12:59:13.', '1125'),
(364, '2097167', '55', '7', '32', 'March 02 2021 13:02:50.', '2200'),
(365, '2097167', '56', '7', '32', 'March 02 2021 13:06:18.', '50'),
(366, '5967881', '54', '7', '32', 'March 02 2021 12:59:13.', '1125'),
(367, '5967881', '55', '7', '32', 'March 02 2021 13:02:50.', '2200'),
(368, '5967881', '56', '7', '32', 'March 02 2021 13:06:18.', '50'),
(369, '2736816', '54', '7', '32', 'March 02 2021 12:59:13.', '1125'),
(370, '2736816', '55', '7', '32', 'March 02 2021 13:02:50.', '2200'),
(371, '2736816', '56', '7', '32', 'March 02 2021 13:06:18.', '50'),
(372, '3745117', '54', '7', '32', 'March 02 2021 12:59:13.', '1125'),
(373, '3745117', '55', '7', '32', 'March 02 2021 13:02:50.', '2200'),
(374, '3745117', '56', '7', '32', 'March 02 2021 13:06:18.', '50'),
(375, '7399902', '54', '7', '32', 'March 02 2021 12:59:13.', '1125'),
(376, '7399902', '55', '7', '32', 'March 02 2021 13:02:50.', '2200'),
(377, '7399902', '56', '7', '32', 'March 02 2021 13:06:18.', '50'),
(378, '6743706', '54', '7', '32', 'March 02 2021 12:59:13.', '1125'),
(379, '6743706', '55', '7', '32', 'March 02 2021 13:02:50.', '2200'),
(380, '6743706', '56', '7', '32', 'March 02 2021 13:06:18.', '50'),
(381, '5635036', '54', '7', '32', 'March 02 2021 12:59:13.', '1125'),
(382, '5635036', '55', '7', '32', 'March 02 2021 13:02:50.', '2200'),
(383, '5635036', '56', '7', '32', 'March 02 2021 13:06:18.', '50'),
(384, '4651150', '54', '7', '32', 'March 02 2021 12:59:13.', '1125'),
(385, '4651150', '55', '7', '32', 'March 02 2021 13:02:50.', '2200'),
(386, '4651150', '56', '7', '32', 'March 02 2021 13:06:18.', '50'),
(387, '2268608', '54', '7', '32', 'March 02 2021 12:59:13.', '1125'),
(388, '2268608', '55', '7', '32', 'March 02 2021 13:02:50.', '2200'),
(389, '2268608', '56', '7', '32', 'March 02 2021 13:06:18.', '50'),
(390, '7988281', '54', '7', '32', 'March 02 2021 12:59:13.', '1125'),
(391, '7988281', '55', '7', '32', 'March 02 2021 13:02:50.', '2200'),
(392, '7988281', '56', '7', '32', 'March 02 2021 13:06:18.', '50'),
(393, '6293673', '54', '7', '32', 'March 02 2021 12:59:13.', '1125'),
(394, '6293673', '55', '7', '32', 'March 02 2021 13:02:50.', '2200'),
(395, '6293673', '56', '7', '32', 'March 02 2021 13:06:18.', '50'),
(396, '1442599', '54', '7', '32', 'March 02 2021 12:59:13.', '1125'),
(397, '1442599', '55', '7', '32', 'March 02 2021 13:02:50.', '2200'),
(398, '1442599', '56', '7', '32', 'March 02 2021 13:06:18.', '50'),
(399, '6292046', '54', '7', '32', 'March 02 2021 12:59:13.', '1125'),
(400, '6292046', '55', '7', '32', 'March 02 2021 13:02:50.', '2200'),
(401, '6292046', '56', '7', '32', 'March 02 2021 13:06:18.', '50'),
(402, '4320746', '54', '7', '32', 'March 02 2021 12:59:13.', '1125'),
(403, '4320746', '55', '7', '32', 'March 02 2021 13:02:50.', '2200'),
(404, '4320746', '56', '7', '32', 'March 02 2021 13:06:18.', '50'),
(405, '9807671', '54', '7', '32', 'March 02 2021 12:59:13.', '1125'),
(406, '9807671', '55', '7', '32', 'March 02 2021 13:02:50.', '2200'),
(407, '9807671', '56', '7', '32', 'March 02 2021 13:06:18.', '50'),
(408, '9746093', '54', '7', '32', 'March 02 2021 12:59:13.', '1125'),
(409, '9746093', '55', '7', '32', 'March 02 2021 13:02:50.', '2200'),
(410, '9746093', '56', '7', '32', 'March 02 2021 13:06:18.', '50'),
(411, '1981065', '54', '7', '32', 'March 02 2021 12:59:13.', '1125'),
(412, '1981065', '55', '7', '32', 'March 02 2021 13:02:50.', '2200'),
(413, '1981065', '56', '7', '32', 'March 02 2021 13:06:18.', '50'),
(414, '3868272', '54', '7', '32', 'March 02 2021 12:59:13.', '1125'),
(415, '3868272', '55', '7', '32', 'March 02 2021 13:02:50.', '2200'),
(416, '3868272', '56', '7', '32', 'March 02 2021 13:06:18.', '50'),
(417, '8879394', '54', '7', '32', 'March 02 2021 12:59:13.', '1125'),
(418, '8879394', '55', '7', '32', 'March 02 2021 13:02:50.', '2200'),
(419, '8879394', '56', '7', '32', 'March 02 2021 13:06:18.', '50'),
(420, '8879394', '57', '7', '32', 'March 02 2021 13:09:34.', '4'),
(421, '3841688', '54', '7', '32', 'March 02 2021 12:59:13.', '1125'),
(422, '3841688', '55', '7', '32', 'March 02 2021 13:02:50.', '2200'),
(423, '3841688', '56', '7', '32', 'March 02 2021 13:06:18.', '50'),
(424, '3841688', '57', '7', '32', 'March 02 2021 13:09:34.', '4'),
(425, '8481716', '54', '7', '32', 'March 02 2021 12:59:13.', '1125'),
(426, '8481716', '55', '7', '32', 'March 02 2021 13:02:50.', '2200'),
(427, '8481716', '56', '7', '32', 'March 02 2021 13:06:18.', '50'),
(428, '8481716', '57', '7', '32', 'March 02 2021 13:09:34.', '4'),
(429, '1883680', '54', '7', '32', 'March 02 2021 12:59:13.', '1125'),
(430, '1883680', '55', '7', '32', 'March 02 2021 13:02:50.', '2200'),
(431, '1883680', '56', '7', '32', 'March 02 2021 13:06:18.', '50'),
(432, '1883680', '57', '7', '32', 'March 02 2021 13:09:34.', '4'),
(433, '9006347', '54', '7', '32', 'March 02 2021 12:59:13.', '1125'),
(434, '9006347', '55', '7', '32', 'March 02 2021 13:02:50.', '2200'),
(435, '9006347', '56', '7', '32', 'March 02 2021 13:06:18.', '50'),
(436, '9006347', '57', '7', '32', 'March 02 2021 13:09:34.', '4'),
(437, '1568467', '54', '7', '32', 'March 02 2021 12:59:13.', '1125'),
(438, '1568467', '55', '7', '32', 'March 02 2021 13:02:50.', '2200'),
(439, '1568467', '56', '7', '32', 'March 02 2021 13:06:18.', '50'),
(440, '1568467', '57', '7', '32', 'March 02 2021 13:09:34.', '4'),
(441, '4589572', '54', '7', '32', 'March 02 2021 12:59:13.', '1125'),
(442, '4589572', '55', '7', '32', 'March 02 2021 13:02:50.', '2200'),
(443, '4589572', '56', '7', '32', 'March 02 2021 13:06:18.', '50'),
(444, '4589572', '57', '7', '32', 'March 02 2021 13:09:34.', '4'),
(445, '1528862', '54', '7', '32', 'March 02 2021 12:59:13.', '1125'),
(446, '1528862', '55', '7', '32', 'March 02 2021 13:02:50.', '2200'),
(447, '1528862', '56', '7', '32', 'March 02 2021 13:06:18.', '50'),
(448, '1528862', '57', '7', '32', 'March 02 2021 13:09:34.', '4'),
(449, '8754611', '54', '7', '32', 'March 02 2021 12:59:13.', '1125'),
(450, '8754611', '55', '7', '32', 'March 02 2021 13:02:50.', '2200'),
(451, '8754611', '56', '7', '32', 'March 02 2021 13:06:18.', '50'),
(452, '8754611', '57', '7', '32', 'March 02 2021 13:09:34.', '4'),
(453, '8754611', '58', '7', '32', 'March 02 2021 13:11:20.', '3'),
(454, '5240342', '54', '7', '32', 'March 02 2021 12:59:13.', '1125'),
(455, '5240342', '55', '7', '32', 'March 02 2021 13:02:50.', '2200'),
(456, '5240342', '56', '7', '32', 'March 02 2021 13:06:18.', '50'),
(457, '5240342', '57', '7', '32', 'March 02 2021 13:09:34.', '4'),
(458, '5240342', '58', '7', '32', 'March 02 2021 13:11:20.', '3'),
(459, '9268391', '54', '7', '32', 'March 02 2021 12:59:13.', '1125'),
(460, '9268391', '55', '7', '32', 'March 02 2021 13:02:50.', '2200'),
(461, '9268391', '56', '7', '32', 'March 02 2021 13:06:18.', '50'),
(462, '9268391', '57', '7', '32', 'March 02 2021 13:09:34.', '4'),
(463, '9268391', '58', '7', '32', 'March 02 2021 13:11:20.', '3'),
(464, '9297960', '54', '7', '32', 'March 02 2021 12:59:13.', '1125'),
(465, '9297960', '55', '7', '32', 'March 02 2021 13:02:50.', '2200'),
(466, '9297960', '56', '7', '32', 'March 02 2021 13:06:18.', '50'),
(467, '9297960', '57', '7', '32', 'March 02 2021 13:09:34.', '4'),
(468, '9297960', '58', '7', '32', 'March 02 2021 13:11:20.', '3'),
(469, '7381998', '54', '7', '32', 'March 02 2021 12:59:13.', '1125'),
(470, '7381998', '55', '7', '32', 'March 02 2021 13:02:50.', '2200'),
(471, '7381998', '56', '7', '32', 'March 02 2021 13:06:18.', '50'),
(472, '7381998', '57', '7', '32', 'March 02 2021 13:09:34.', '4'),
(473, '7381998', '58', '7', '32', 'March 02 2021 13:12:03.', '1232'),
(474, '2847764', '54', '7', '32', 'March 02 2021 12:59:13.', '1125'),
(475, '2847764', '55', '7', '32', 'March 02 2021 13:02:50.', '2200'),
(476, '2847764', '56', '7', '32', 'March 02 2021 13:06:18.', '50'),
(477, '2847764', '57', '7', '32', 'March 02 2021 13:09:34.', '4'),
(478, '2847764', '58', '7', '32', 'March 02 2021 13:12:03.', '1232'),
(479, '9032931', '54', '7', '32', 'March 02 2021 12:59:13.', '1125'),
(480, '9032931', '55', '7', '32', 'March 02 2021 13:02:50.', '2200'),
(481, '9032931', '56', '7', '32', 'March 02 2021 13:06:18.', '50'),
(482, '9032931', '57', '7', '32', 'March 02 2021 13:09:34.', '4'),
(483, '9032931', '58', '7', '32', 'March 02 2021 13:12:03.', '1232'),
(484, '4225531', '54', '7', '32', 'March 02 2021 12:59:13.', '1125'),
(485, '4225531', '55', '7', '32', 'March 02 2021 13:02:50.', '2200'),
(486, '4225531', '56', '7', '32', 'March 02 2021 13:06:18.', '50'),
(487, '4225531', '57', '7', '32', 'March 02 2021 13:09:34.', '4'),
(488, '4225531', '58', '7', '32', 'March 02 2021 13:12:03.', '1232'),
(489, '8237304', '54', '7', '32', 'March 02 2021 12:59:13.', '1125'),
(490, '8237304', '55', '7', '32', 'March 02 2021 13:02:50.', '2200'),
(491, '8237304', '56', '7', '32', 'March 02 2021 13:06:18.', '50'),
(492, '8237304', '57', '7', '32', 'March 02 2021 13:09:34.', '4'),
(493, '8237304', '58', '7', '32', 'March 02 2021 13:12:03.', '1232'),
(494, '1492784', '54', '7', '32', 'March 02 2021 12:59:13.', '1125'),
(495, '1492784', '55', '7', '32', 'March 02 2021 13:02:50.', '2200'),
(496, '1492784', '56', '7', '32', 'March 02 2021 13:06:18.', '50'),
(497, '1492784', '57', '7', '32', 'March 02 2021 13:09:34.', '4'),
(498, '1492784', '58', '7', '32', 'March 02 2021 13:12:03.', '1232'),
(499, '5090060', '54', '7', '32', 'March 02 2021 12:59:13.', '1125'),
(500, '5090060', '55', '7', '32', 'March 02 2021 13:02:50.', '2200'),
(501, '5090060', '56', '7', '32', 'March 02 2021 13:06:18.', '50'),
(502, '5090060', '57', '7', '32', 'March 02 2021 13:09:34.', '4'),
(503, '5090060', '58', '7', '32', 'March 02 2021 13:12:03.', '1232'),
(504, '5387641', '54', '7', '32', 'March 02 2021 12:59:13.', '1125'),
(505, '5387641', '55', '7', '32', 'March 02 2021 13:02:50.', '2200'),
(506, '5387641', '56', '7', '32', 'March 02 2021 13:06:18.', '50'),
(507, '5387641', '57', '7', '32', 'March 02 2021 13:09:34.', '4'),
(508, '5387641', '58', '7', '32', 'March 02 2021 13:12:03.', '1232'),
(509, '6573893', '54', '7', '32', 'March 02 2021 12:59:13.', '1125'),
(510, '6573893', '55', '7', '32', 'March 02 2021 13:02:50.', '2200'),
(511, '6573893', '56', '7', '32', 'March 02 2021 13:06:18.', '50'),
(512, '6573893', '57', '7', '32', 'March 02 2021 13:09:34.', '4'),
(513, '6573893', '58', '7', '32', 'March 02 2021 13:12:03.', '1232'),
(514, '9625379', '54', '7', '32', 'March 02 2021 12:59:13.', '1125'),
(515, '9625379', '55', '7', '32', 'March 02 2021 13:02:50.', '2200'),
(516, '9625379', '56', '7', '32', 'March 02 2021 13:06:18.', '50'),
(517, '9625379', '57', '7', '32', 'March 02 2021 13:09:34.', '4'),
(518, '9625379', '58', '7', '32', 'March 02 2021 13:12:03.', '1232'),
(519, '3209635', '54', '7', '32', 'March 02 2021 12:59:13.', '1125'),
(520, '3209635', '55', '7', '32', 'March 02 2021 13:02:50.', '2200'),
(521, '3209635', '56', '7', '32', 'March 02 2021 13:06:18.', '50'),
(522, '3209635', '57', '7', '32', 'March 02 2021 13:09:34.', '4'),
(523, '3209635', '58', '7', '32', 'March 02 2021 13:12:03.', '1232'),
(524, '3199055', '54', '7', '32', 'March 02 2021 12:59:13.', '1125'),
(525, '3199055', '55', '7', '32', 'March 02 2021 13:02:50.', '2200'),
(526, '3199055', '56', '7', '32', 'March 02 2021 13:06:18.', '50'),
(527, '3199055', '57', '7', '32', 'March 02 2021 13:09:34.', '4'),
(528, '3199055', '58', '7', '32', 'March 02 2021 13:12:03.', '1232'),
(529, '9439290', '54', '7', '32', 'March 02 2021 12:59:13.', '1125'),
(530, '9439290', '55', '7', '32', 'March 02 2021 13:02:50.', '2200'),
(531, '9439290', '56', '7', '32', 'March 02 2021 13:06:18.', '50'),
(532, '9439290', '57', '7', '32', 'March 02 2021 13:09:34.', '4'),
(533, '9439290', '58', '7', '32', 'March 02 2021 13:12:03.', '1232'),
(534, '9314778', '54', '7', '32', 'March 02 2021 12:59:13.', '1125'),
(535, '9314778', '55', '7', '32', 'March 02 2021 13:02:50.', '2200'),
(536, '9314778', '56', '7', '32', 'March 02 2021 13:06:18.', '50'),
(537, '9314778', '57', '7', '32', 'March 02 2021 13:09:34.', '4'),
(538, '9314778', '58', '7', '32', 'March 02 2021 13:12:03.', '1232'),
(539, '7270779', '54', '7', '32', 'March 02 2021 12:59:13.', '1125'),
(540, '7270779', '55', '7', '32', 'March 02 2021 13:02:50.', '2200'),
(541, '7270779', '56', '7', '32', 'March 02 2021 13:06:18.', '50'),
(542, '7270779', '57', '7', '32', 'March 02 2021 13:09:34.', '4'),
(543, '7270779', '58', '7', '32', 'March 02 2021 13:12:03.', '1232'),
(544, '9891493', '54', '7', '32', 'March 02 2021 12:59:13.', '1125'),
(545, '9891493', '55', '7', '32', 'March 02 2021 13:02:50.', '2200'),
(546, '9891493', '56', '7', '32', 'March 02 2021 13:06:18.', '50'),
(547, '9891493', '57', '7', '32', 'March 02 2021 13:09:34.', '4'),
(548, '9891493', '58', '7', '32', 'March 02 2021 13:12:03.', '1232'),
(549, '3743760', '54', '7', '32', 'March 02 2021 12:59:13.', '1125'),
(550, '3743760', '55', '7', '32', 'March 02 2021 13:02:50.', '2200'),
(551, '3743760', '56', '7', '32', 'March 02 2021 13:06:18.', '50'),
(552, '3743760', '57', '7', '32', 'March 02 2021 13:09:34.', '4'),
(553, '3743760', '58', '7', '32', 'March 02 2021 13:12:03.', '1232'),
(554, '6835394', '54', '7', '32', 'March 02 2021 12:59:13.', '1125'),
(555, '6835394', '55', '7', '32', 'March 02 2021 13:02:50.', '2200'),
(556, '6835394', '56', '7', '32', 'March 02 2021 13:06:18.', '50'),
(557, '6835394', '57', '7', '32', 'March 02 2021 13:09:34.', '4'),
(558, '6835394', '58', '7', '32', 'March 02 2021 13:12:03.', '1232'),
(559, '1966145', '54', '7', '32', 'March 02 2021 12:59:13.', '1125'),
(560, '1966145', '55', '7', '32', 'March 02 2021 13:02:50.', '2200'),
(561, '1966145', '56', '7', '32', 'March 02 2021 13:06:18.', '50'),
(562, '1966145', '57', '7', '32', 'March 02 2021 13:09:34.', '4'),
(563, '1966145', '58', '7', '32', 'January 01 1970 01:00:00.', ''),
(564, '6547580', '54', '7', '32', 'March 02 2021 12:59:13.', '1125'),
(565, '6547580', '55', '7', '32', 'March 02 2021 13:02:50.', '2200'),
(566, '6547580', '56', '7', '32', 'March 02 2021 13:06:18.', '50'),
(567, '6547580', '57', '7', '32', 'March 02 2021 13:09:34.', '4'),
(568, '6547580', '58', '7', '32', 'January 01 1970 01:00:00.', ''),
(569, '5785047', '54', '7', '32', 'March 02 2021 12:59:13.', '1125'),
(570, '5785047', '55', '7', '32', 'March 02 2021 13:02:50.', '2200'),
(571, '5785047', '56', '7', '32', 'March 02 2021 13:06:18.', '50'),
(572, '5785047', '57', '7', '32', 'March 02 2021 13:09:34.', '4'),
(573, '5785047', '58', '7', '32', 'January 01 1970 01:00:00.', ''),
(574, '6462402', '54', '7', '32', 'March 02 2021 12:59:13.', '1125'),
(575, '6462402', '55', '7', '32', 'March 02 2021 13:02:50.', '2200'),
(576, '6462402', '56', '7', '32', 'March 02 2021 13:06:18.', '50'),
(577, '6462402', '57', '7', '32', 'March 02 2021 13:09:34.', '4'),
(578, '6462402', '58', '7', '32', 'January 01 1970 01:00:00.', ''),
(579, '2333984', '54', '7', '32', 'March 02 2021 12:59:13.', '1125'),
(580, '2333984', '55', '7', '32', 'March 02 2021 13:02:50.', '2200'),
(581, '2333984', '56', '7', '32', 'March 02 2021 13:06:18.', '50'),
(582, '2333984', '57', '7', '32', 'March 02 2021 13:09:34.', '4'),
(583, '2333984', '58', '7', '32', 'January 01 1970 01:00:00.', ''),
(584, '3085666', '54', '7', '32', 'March 02 2021 12:59:13.', '1125'),
(585, '3085666', '55', '7', '32', 'March 02 2021 13:02:50.', '2200'),
(586, '3085666', '56', '7', '32', 'March 02 2021 13:06:18.', '50'),
(587, '3085666', '57', '7', '32', 'March 02 2021 13:09:34.', '4'),
(588, '3085666', '58', '7', '32', 'January 01 1970 01:00:00.', ''),
(589, '3158637', '54', '7', '32', 'March 02 2021 12:59:13.', '1125'),
(590, '3158637', '55', '7', '32', 'March 02 2021 13:02:50.', '2200'),
(591, '3158637', '56', '7', '32', 'March 02 2021 13:06:18.', '50'),
(592, '3158637', '57', '7', '32', 'March 02 2021 13:09:34.', '4'),
(593, '3158637', '58', '7', '32', 'January 01 1970 01:00:00.', ''),
(594, '4129231', '54', '7', '32', 'March 02 2021 12:59:13.', '1125'),
(595, '4129231', '55', '7', '32', 'March 02 2021 13:02:50.', '2200'),
(596, '4129231', '56', '7', '32', 'March 02 2021 13:06:18.', '50'),
(597, '4129231', '57', '7', '32', 'March 02 2021 13:09:34.', '4'),
(598, '4129231', '58', '7', '32', 'January 01 1970 01:00:00.', ''),
(599, '3712836', '54', '7', '32', 'March 02 2021 12:59:13.', '1125'),
(600, '3712836', '55', '7', '32', 'March 02 2021 13:02:50.', '2200'),
(601, '3712836', '56', '7', '32', 'March 02 2021 13:06:18.', '50'),
(602, '3712836', '57', '7', '32', 'March 02 2021 13:09:34.', '4'),
(603, '3712836', '58', '7', '32', 'January 01 1970 01:00:00.', ''),
(604, '1529134', '54', '7', '32', 'March 02 2021 12:59:13.', '1125'),
(605, '1529134', '55', '7', '32', 'March 02 2021 13:02:50.', '2200'),
(606, '1529134', '56', '7', '32', 'March 02 2021 13:06:18.', '50'),
(607, '1529134', '57', '7', '32', 'March 02 2021 13:09:34.', '4'),
(608, '1529134', '58', '7', '32', 'January 01 1970 01:00:00.', ''),
(609, '5996636', '54', '7', '32', 'March 02 2021 12:59:13.', '1125'),
(610, '5996636', '55', '7', '32', 'March 02 2021 13:02:50.', '2200'),
(611, '5996636', '56', '7', '32', 'March 02 2021 13:06:18.', '50'),
(612, '5996636', '57', '7', '32', 'March 02 2021 13:09:34.', '4'),
(613, '5996636', '58', '7', '32', 'January 01 1970 01:00:00.', ''),
(614, '4975314', '54', '7', '32', 'March 02 2021 12:59:13.', '1125'),
(615, '4975314', '55', '7', '32', 'March 02 2021 13:02:50.', '2200'),
(616, '4975314', '56', '7', '32', 'March 02 2021 13:06:18.', '50'),
(617, '4975314', '57', '7', '32', 'March 02 2021 13:09:34.', '4'),
(618, '4975314', '58', '7', '32', 'January 01 1970 01:00:00.', ''),
(619, '3852538', '54', '7', '32', 'March 02 2021 12:59:13.', '1125'),
(620, '3852538', '55', '7', '32', 'March 02 2021 13:02:50.', '2200'),
(621, '3852538', '56', '7', '32', 'March 02 2021 13:06:18.', '50'),
(622, '3852538', '57', '7', '32', 'March 02 2021 13:09:34.', '4'),
(623, '3852538', '58', '7', '32', 'January 01 1970 01:00:00.', ''),
(624, '2259928', '54', '7', '32', 'March 02 2021 12:59:13.', '1125'),
(625, '2259928', '55', '7', '32', 'March 02 2021 13:02:50.', '2200'),
(626, '2259928', '56', '7', '32', 'March 02 2021 13:06:18.', '50'),
(627, '2259928', '57', '7', '32', 'March 02 2021 13:09:34.', '4'),
(628, '2259928', '58', '7', '32', 'January 01 1970 01:00:00.', ''),
(629, '2597656', '54', '7', '32', 'March 02 2021 12:59:13.', '1125'),
(630, '2597656', '55', '7', '32', 'March 02 2021 13:02:50.', '2200'),
(631, '2597656', '56', '7', '32', 'March 02 2021 13:06:18.', '50'),
(632, '2597656', '57', '7', '32', 'March 02 2021 13:09:34.', '4'),
(633, '2597656', '58', '7', '32', 'January 01 1970 01:00:00.', ''),
(634, '4108886', '54', '7', '32', 'March 02 2021 12:59:13.', '1125'),
(635, '4108886', '55', '7', '32', 'March 02 2021 13:02:50.', '2200'),
(636, '4108886', '56', '7', '32', 'March 02 2021 13:06:18.', '50'),
(637, '4108886', '57', '7', '32', 'March 02 2021 13:09:34.', '4'),
(638, '4108886', '58', '7', '32', 'January 01 1970 01:00:00.', ''),
(639, '4134114', '54', '7', '32', 'March 02 2021 12:59:13.', '1125'),
(640, '4134114', '55', '7', '32', 'March 02 2021 13:02:50.', '2200'),
(641, '4134114', '56', '7', '32', 'March 02 2021 13:06:18.', '50'),
(642, '4134114', '57', '7', '32', 'March 02 2021 13:09:34.', '4'),
(643, '4134114', '58', '7', '32', 'January 01 1970 01:00:00.', ''),
(644, '9826660', '54', '7', '32', 'March 02 2021 12:59:13.', '1125'),
(645, '9826660', '55', '7', '32', 'March 02 2021 13:02:50.', '2200'),
(646, '9826660', '56', '7', '32', 'March 02 2021 13:06:18.', '50'),
(647, '9826660', '57', '7', '32', 'March 02 2021 13:09:34.', '4'),
(648, '9826660', '58', '7', '32', 'January 01 1970 01:00:00.', ''),
(649, '8760308', '54', '7', '32', 'March 02 2021 12:59:13.', '1125'),
(650, '8760308', '55', '7', '32', 'March 02 2021 13:02:50.', '2200'),
(651, '8760308', '56', '7', '32', 'March 02 2021 13:06:18.', '50'),
(652, '8760308', '57', '7', '32', 'March 02 2021 13:09:34.', '4'),
(653, '8760308', '58', '7', '32', 'January 01 1970 01:00:00.', ''),
(654, '4055718', '54', '7', '32', 'March 02 2021 12:59:13.', '1125'),
(655, '4055718', '55', '7', '32', 'March 02 2021 13:02:50.', '2200'),
(656, '4055718', '56', '7', '32', 'March 02 2021 13:06:18.', '50'),
(657, '4055718', '57', '7', '32', 'March 02 2021 13:09:34.', '4'),
(658, '4055718', '58', '7', '32', 'January 01 1970 01:00:00.', ''),
(659, '3338758', '54', '7', '32', 'March 02 2021 12:59:13.', '1125'),
(660, '3338758', '55', '7', '32', 'March 02 2021 13:02:50.', '2200'),
(661, '3338758', '56', '7', '32', 'March 02 2021 13:06:18.', '50'),
(662, '3338758', '57', '7', '32', 'March 02 2021 13:09:34.', '4'),
(663, '3338758', '58', '7', '32', 'January 01 1970 01:00:00.', ''),
(664, '3967285', '54', '7', '32', 'March 02 2021 12:59:13.', '1125'),
(665, '3967285', '55', '7', '32', 'March 02 2021 13:02:50.', '2200'),
(666, '3967285', '56', '7', '32', 'March 02 2021 13:06:18.', '50'),
(667, '3967285', '57', '7', '32', 'March 02 2021 13:09:34.', '4'),
(668, '3967285', '58', '7', '32', 'January 01 1970 01:00:00.', ''),
(669, '5643988', '54', '7', '32', 'March 02 2021 12:59:13.', '1125'),
(670, '5643988', '55', '7', '32', 'March 02 2021 13:02:50.', '2200'),
(671, '5643988', '56', '7', '32', 'March 02 2021 13:06:18.', '50'),
(672, '5643988', '57', '7', '32', 'March 02 2021 13:09:34.', '4'),
(673, '5643988', '58', '7', '32', 'January 01 1970 01:00:00.', ''),
(674, '8940158', '54', '7', '32', 'March 02 2021 12:59:13.', '1125'),
(675, '8940158', '55', '7', '32', 'March 02 2021 13:02:50.', '2200'),
(676, '8940158', '56', '7', '32', 'March 02 2021 13:06:18.', '50'),
(677, '8940158', '57', '7', '32', 'March 02 2021 13:09:34.', '4'),
(678, '8940158', '58', '7', '32', 'January 01 1970 01:00:00.', ''),
(679, '6020507', '54', '7', '32', 'March 02 2021 12:59:13.', '1125'),
(680, '6020507', '55', '7', '32', 'March 02 2021 13:02:50.', '2200'),
(681, '6020507', '56', '7', '32', 'March 02 2021 13:06:18.', '50'),
(682, '6020507', '57', '7', '32', 'March 02 2021 13:09:34.', '4'),
(683, '6020507', '58', '7', '32', 'January 01 1970 01:00:00.', ''),
(684, '6599121', '54', '7', '32', 'March 02 2021 12:59:13.', '1125'),
(685, '6599121', '55', '7', '32', 'March 02 2021 13:02:50.', '2200'),
(686, '6599121', '56', '7', '32', 'March 02 2021 13:06:18.', '50'),
(687, '6599121', '57', '7', '32', 'March 02 2021 13:09:34.', '4'),
(688, '6599121', '58', '7', '32', 'January 01 1970 01:00:00.', ''),
(689, '9458550', '54', '7', '32', 'March 02 2021 12:59:13.', '1125'),
(690, '9458550', '55', '7', '32', 'March 02 2021 13:02:50.', '2200'),
(691, '9458550', '56', '7', '32', 'March 02 2021 13:06:18.', '50'),
(692, '9458550', '57', '7', '32', 'March 02 2021 13:09:34.', '4'),
(693, '9458550', '58', '7', '32', 'January 01 1970 01:00:00.', ''),
(694, '1528591', '54', '7', '32', 'March 02 2021 12:59:13.', '1125'),
(695, '1528591', '55', '7', '32', 'March 02 2021 13:02:50.', '2200'),
(696, '1528591', '56', '7', '32', 'March 02 2021 13:06:18.', '50'),
(697, '1528591', '57', '7', '32', 'March 02 2021 13:09:34.', '4'),
(698, '1528591', '58', '7', '32', 'January 01 1970 01:00:00.', ''),
(699, '3993055', '54', '7', '32', 'March 02 2021 12:59:13.', '1125'),
(700, '3993055', '55', '7', '32', 'March 02 2021 13:02:50.', '2200'),
(701, '3993055', '56', '7', '32', 'March 02 2021 13:06:18.', '50'),
(702, '3993055', '57', '7', '32', 'March 02 2021 13:09:34.', '4'),
(703, '3993055', '58', '7', '32', 'January 01 1970 01:00:00.', ''),
(704, '8186848', '54', '7', '32', 'March 02 2021 12:59:13.', '1125'),
(705, '8186848', '55', '7', '32', 'March 02 2021 13:02:50.', '2200'),
(706, '8186848', '56', '7', '32', 'March 02 2021 13:06:18.', '50'),
(707, '8186848', '57', '7', '32', 'March 02 2021 13:09:34.', '4'),
(708, '8186848', '58', '7', '32', 'January 01 1970 01:00:00.', ''),
(709, '1826443', '54', '7', '32', 'March 02 2021 12:59:13.', '1125'),
(710, '1826443', '55', '7', '32', 'March 02 2021 13:02:50.', '2200'),
(711, '1826443', '56', '7', '32', 'March 02 2021 13:06:18.', '50'),
(712, '1826443', '57', '7', '32', 'March 02 2021 13:09:34.', '4'),
(713, '1826443', '58', '7', '32', 'January 01 1970 01:00:00.', ''),
(714, '8716362', '54', '7', '32', 'March 02 2021 12:59:13.', '1125'),
(715, '8716362', '55', '7', '32', 'March 02 2021 13:02:50.', '2200'),
(716, '8716362', '56', '7', '32', 'March 02 2021 13:06:18.', '50'),
(717, '8716362', '57', '7', '32', 'March 02 2021 13:09:34.', '4'),
(718, '8716362', '58', '7', '32', 'January 01 1970 01:00:00.', ''),
(719, '6730143', '54', '7', '32', 'March 02 2021 12:59:13.', '1125'),
(720, '6730143', '55', '7', '32', 'March 02 2021 13:02:50.', '2200'),
(721, '6730143', '56', '7', '32', 'March 02 2021 13:06:18.', '50'),
(722, '6730143', '57', '7', '32', 'March 02 2021 13:09:34.', '4'),
(723, '6730143', '58', '7', '32', 'January 01 1970 01:00:00.', ''),
(724, '8878851', '54', '7', '32', 'March 02 2021 12:59:13.', '1125'),
(725, '8878851', '55', '7', '32', 'March 02 2021 13:02:50.', '2200'),
(726, '8878851', '56', '7', '32', 'March 02 2021 13:06:18.', '50'),
(727, '8878851', '57', '7', '32', 'March 02 2021 13:09:34.', '4'),
(728, '8878851', '58', '7', '32', 'January 01 1970 01:00:00.', ''),
(729, '1765679', '54', '7', '32', 'March 02 2021 12:59:13.', '1125'),
(730, '1765679', '55', '7', '32', 'March 02 2021 13:02:50.', '2200'),
(731, '1765679', '56', '7', '32', 'March 02 2021 13:06:18.', '50'),
(732, '1765679', '57', '7', '32', 'March 02 2021 13:09:34.', '4'),
(733, '1765679', '58', '7', '32', 'January 01 1970 01:00:00.', ''),
(734, '8446723', '54', '7', '32', 'March 02 2021 12:59:13.', '1125'),
(735, '8446723', '55', '7', '32', 'March 02 2021 13:02:50.', '2200'),
(736, '8446723', '56', '7', '32', 'March 02 2021 13:06:18.', '50'),
(737, '8446723', '57', '7', '32', 'March 02 2021 13:09:34.', '4'),
(738, '8446723', '58', '7', '32', 'January 01 1970 01:00:00.', ''),
(739, '1541612', '54', '7', '32', 'March 02 2021 12:59:13.', '1125'),
(740, '1541612', '55', '7', '32', 'March 02 2021 13:02:50.', '2200'),
(741, '1541612', '56', '7', '32', 'March 02 2021 13:06:18.', '50'),
(742, '1541612', '57', '7', '32', 'March 02 2021 13:09:34.', '4'),
(743, '1541612', '58', '7', '32', 'January 01 1970 01:00:00.', ''),
(744, '7634548', '54', '7', '32', 'March 02 2021 12:59:13.', '1125'),
(745, '7634548', '55', '7', '32', 'March 02 2021 13:02:50.', '2200'),
(746, '7634548', '56', '7', '32', 'March 02 2021 13:06:18.', '50'),
(747, '7634548', '57', '7', '32', 'March 02 2021 13:09:34.', '4'),
(748, '7634548', '58', '7', '32', 'January 01 1970 01:00:00.', ''),
(749, '6625705', '54', '7', '32', 'March 02 2021 12:59:13.', '1125'),
(750, '6625705', '55', '7', '32', 'March 02 2021 13:02:50.', '2200'),
(751, '6625705', '56', '7', '32', 'March 02 2021 13:06:18.', '50'),
(752, '6625705', '57', '7', '32', 'March 02 2021 13:09:34.', '4'),
(753, '6625705', '58', '7', '32', 'January 01 1970 01:00:00.', ''),
(754, '9856228', '54', '7', '32', 'March 02 2021 12:59:13.', '1125'),
(755, '9856228', '55', '7', '32', 'March 02 2021 13:02:50.', '2200'),
(756, '9856228', '56', '7', '32', 'March 02 2021 13:06:18.', '50'),
(757, '9856228', '57', '7', '32', 'March 02 2021 13:09:34.', '4'),
(758, '9856228', '58', '7', '32', 'January 01 1970 01:00:00.', ''),
(759, '6844346', '54', '7', '32', 'March 02 2021 12:59:13.', '1125'),
(760, '6844346', '55', '7', '32', 'March 02 2021 13:02:50.', '2200'),
(761, '6844346', '56', '7', '32', 'March 02 2021 13:06:18.', '50'),
(762, '6844346', '57', '7', '32', 'March 02 2021 13:09:34.', '4'),
(763, '6844346', '58', '7', '32', 'January 01 1970 01:00:00.', ''),
(764, '4166937', '60', '9', '28', 'April 09 2021 07:20:03.', '2'),
(765, '5183919', '60', '9', '28', 'April 09 2021 07:20:03.', '2'),
(766, '5340440', '60', '9', '28', 'April 09 2021 07:20:03.', '2'),
(767, '1151258', '60', '9', '28', 'April 09 2021 07:20:03.', '2'),
(768, '1873372', '60', '9', '28', 'April 09 2021 07:21:30.', '16'),
(769, '1713053', '60', '9', '28', 'April 09 2021 07:21:30.', '16'),
(770, '9461805', '60', '9', '28', 'January 01 1970 01:00:00.', ''),
(771, '8018934', '60', '9', '28', 'January 01 1970 01:00:00.', ''),
(772, '9654947', '60', '9', '28', 'January 01 1970 01:00:00.', ''),
(773, '1293673', '60', '9', '28', 'January 01 1970 01:00:00.', ''),
(774, '7553710', '60', '9', '28', 'January 01 1970 01:00:00.', ''),
(775, '8384874', '60', '9', '28', 'January 01 1970 01:00:00.', ''),
(776, '4244520', '60', '9', '28', 'January 01 1970 01:00:00.', ''),
(777, '7251519', '60', '9', '28', 'January 01 1970 01:00:00.', ''),
(778, '1425509', '60', '9', '28', 'January 01 1970 01:00:00.', ''),
(779, '1613769', '60', '9', '28', 'January 01 1970 01:00:00.', ''),
(780, '7444118', '60', '9', '28', 'January 01 1970 01:00:00.', ''),
(781, '5431043', '60', '9', '28', 'January 01 1970 01:00:00.', ''),
(782, '6860351', '60', '9', '28', 'January 01 1970 01:00:00.', ''),
(783, '5591091', '60', '9', '28', 'January 01 1970 01:00:00.', ''),
(784, '2361111', '60', '9', '28', 'January 01 1970 01:00:00.', ''),
(785, '9738226', '60', '9', '28', 'January 01 1970 01:00:00.', ''),
(786, '9738226', '61', '9', '28', 'April 09 2021 07:25:09.', '2'),
(787, '2176649', '60', '9', '28', 'January 01 1970 01:00:00.', ''),
(788, '2176649', '61', '9', '28', 'April 09 2021 07:25:09.', '2'),
(789, '6539713', '54', '7', '32', 'March 02 2021 12:59:13.', '1125'),
(790, '6539713', '55', '7', '32', 'March 02 2021 13:02:50.', '2200'),
(791, '6539713', '56', '7', '32', 'March 02 2021 13:06:18.', '50'),
(792, '6539713', '57', '7', '32', 'March 02 2021 13:09:34.', '4'),
(793, '6539713', '58', '7', '32', 'January 01 1970 01:00:00.', ''),
(794, '7844238', '54', '7', '32', 'March 02 2021 12:59:13.', '1125'),
(795, '7844238', '55', '7', '32', 'March 02 2021 13:02:50.', '2200'),
(796, '7844238', '56', '7', '32', 'March 02 2021 13:06:18.', '50'),
(797, '7844238', '57', '7', '32', 'March 02 2021 13:09:34.', '4'),
(798, '7844238', '58', '7', '32', 'January 01 1970 01:00:00.', ''),
(799, '3231879', '54', '7', '32', 'March 02 2021 12:59:13.', '1125'),
(800, '3231879', '55', '7', '32', 'March 02 2021 13:02:50.', '2200'),
(801, '3231879', '56', '7', '32', 'March 02 2021 13:06:18.', '50'),
(802, '3231879', '57', '7', '32', 'March 02 2021 13:09:34.', '4'),
(803, '3231879', '58', '7', '32', 'January 01 1970 01:00:00.', ''),
(804, '5345865', '54', '7', '32', 'March 02 2021 12:59:13.', '1125'),
(805, '5345865', '55', '7', '32', 'March 02 2021 13:02:50.', '2200'),
(806, '5345865', '56', '7', '32', 'March 02 2021 13:06:18.', '50'),
(807, '5345865', '57', '7', '32', 'March 02 2021 13:09:34.', '4'),
(808, '5345865', '58', '7', '32', 'January 01 1970 01:00:00.', ''),
(809, '3409288', '54', '7', '32', 'March 02 2021 12:59:13.', '1125'),
(810, '3409288', '55', '7', '32', 'March 02 2021 13:02:50.', '2200'),
(811, '3409288', '56', '7', '32', 'March 02 2021 13:06:18.', '50'),
(812, '3409288', '57', '7', '32', 'March 02 2021 13:09:34.', '4'),
(813, '3409288', '58', '7', '32', 'January 01 1970 01:00:00.', ''),
(814, '2738986', '54', '7', '32', 'March 02 2021 12:59:13.', '1125'),
(815, '2738986', '55', '7', '32', 'March 02 2021 13:02:50.', '2200'),
(816, '2738986', '56', '7', '32', 'March 02 2021 13:06:18.', '50'),
(817, '2738986', '57', '7', '32', 'March 02 2021 13:09:34.', '4'),
(818, '2738986', '58', '7', '32', 'January 01 1970 01:00:00.', ''),
(819, '2870551', '54', '7', '32', 'March 02 2021 12:59:13.', '1125'),
(820, '2870551', '55', '7', '32', 'March 02 2021 13:02:50.', '2200'),
(821, '2870551', '56', '7', '32', 'March 02 2021 13:06:18.', '50'),
(822, '2870551', '57', '7', '32', 'March 02 2021 13:09:34.', '4'),
(823, '2870551', '58', '7', '32', 'January 01 1970 01:00:00.', ''),
(824, '7926160', '54', '7', '32', 'March 02 2021 12:59:13.', '1125'),
(825, '7926160', '55', '7', '32', 'March 02 2021 13:02:50.', '2200'),
(826, '7926160', '56', '7', '32', 'March 02 2021 13:06:18.', '50'),
(827, '7926160', '57', '7', '32', 'March 02 2021 13:09:34.', '4'),
(828, '7926160', '58', '7', '32', 'January 01 1970 01:00:00.', ''),
(829, '3550347', '54', '7', '32', 'March 02 2021 12:59:13.', '1125'),
(830, '3550347', '55', '7', '32', 'March 02 2021 13:02:50.', '2200'),
(831, '3550347', '56', '7', '32', 'March 02 2021 13:06:18.', '50'),
(832, '3550347', '57', '7', '32', 'March 02 2021 13:09:34.', '4'),
(833, '3550347', '58', '7', '32', 'January 01 1970 01:00:00.', ''),
(834, '9274359', '62', '10', '29', 'April 09 2021 12:04:08.', '2'),
(835, '8983832', '62', '10', '29', 'April 09 2021 12:04:08.', '2'),
(836, '2864311', '62', '10', '29', 'April 09 2021 12:04:08.', '2'),
(837, '3475477', '62', '10', '29', 'April 09 2021 12:04:08.', '2'),
(838, '7175835', '62', '10', '29', 'April 09 2021 12:04:08.', '2'),
(839, '4670681', '62', '10', '29', 'April 09 2021 12:04:08.', '2'),
(840, '3286403', '62', '10', '29', 'April 09 2021 12:04:08.', '2'),
(841, '6705729', '62', '10', '29', 'April 09 2021 12:04:08.', '2'),
(842, '7606608', '62', '10', '29', 'April 09 2021 12:04:08.', '2'),
(843, '5663519', '62', '10', '29', 'April 09 2021 12:04:08.', '2'),
(844, '5235731', '62', '10', '29', 'April 09 2021 12:04:08.', '2'),
(845, '7616916', '62', '10', '29', 'April 09 2021 12:04:08.', '2'),
(846, '5931532', '62', '10', '29', 'April 09 2021 12:04:08.', '2'),
(847, '8175998', '62', '10', '29', 'April 09 2021 12:04:08.', '2'),
(848, '6199272', '62', '10', '29', 'April 09 2021 12:04:08.', '2'),
(849, '1830240', '62', '10', '29', 'April 09 2021 12:08:01.', '967'),
(850, '6872829', '62', '10', '29', 'April 09 2021 12:08:01.', '967'),
(851, '5571289', '62', '10', '29', 'April 09 2021 12:08:01.', '967'),
(852, '4785969', '62', '10', '29', 'April 09 2021 12:08:01.', '967'),
(853, '2487250', '62', '10', '29', 'January 01 1970 01:00:00.', ''),
(854, '6542426', '62', '10', '29', 'January 01 1970 01:00:00.', ''),
(855, '4164496', '62', '10', '29', 'January 01 1970 01:00:00.', ''),
(856, '9501139', '62', '10', '29', 'January 01 1970 01:00:00.', ''),
(857, '8973253', '62', '10', '29', 'January 01 1970 01:00:00.', ''),
(858, '6825086', '62', '10', '29', 'January 01 1970 01:00:00.', ''),
(859, '3949923', '62', '10', '29', 'January 01 1970 01:00:00.', ''),
(860, '3794487', '62', '10', '29', 'January 01 1970 01:00:00.', ''),
(861, '9035644', '62', '10', '29', 'January 01 1970 01:00:00.', ''),
(862, '3095160', '62', '10', '29', 'January 01 1970 01:00:00.', ''),
(863, '1740451', '62', '10', '29', 'January 01 1970 01:00:00.', ''),
(864, '8613552', '62', '10', '29', 'January 01 1970 01:00:00.', ''),
(865, '7110188', '62', '10', '29', 'January 01 1970 01:00:00.', ''),
(866, '8753797', '62', '10', '29', 'January 01 1970 01:00:00.', ''),
(867, '3498263', '62', '10', '29', 'January 01 1970 01:00:00.', ''),
(868, '2437337', '62', '10', '29', 'January 01 1970 01:00:00.', ''),
(869, '6679416', '62', '10', '29', 'January 01 1970 01:00:00.', ''),
(870, '6099446', '60', '9', '28', 'January 01 1970 01:00:00.', ''),
(871, '6099446', '61', '9', '28', 'April 09 2021 07:25:09.', '2'),
(872, '4160698', '60', '9', '28', 'January 01 1970 01:00:00.', ''),
(873, '4160698', '61', '9', '28', 'April 09 2021 07:25:09.', '2'),
(874, '3766275', '60', '9', '28', 'January 01 1970 01:00:00.', ''),
(875, '3766275', '61', '9', '28', 'April 09 2021 07:25:09.', '2'),
(876, '5539550', '60', '9', '28', 'January 01 1970 01:00:00.', ''),
(877, '5539550', '61', '9', '28', 'April 09 2021 07:25:09.', '2');
